epoch,time,train/box_loss,train/cls_loss,train/dfl_loss,metrics/precision(B),metrics/recall(B),metrics/mAP50(B),metrics/mAP50-95(B),val/box_loss,val/cls_loss,val/dfl_loss,lr/pg0,lr/pg1,lr/pg2
1,17.4873,2.16459,8.3506,0.01208,0.00051,0.125,0.00387,0.00254,1.6813,10.556,0.01278,6e-05,6e-05,6e-05
2,26.7289,1.75198,8.36815,0.01033,0.00077,0.1875,0.0099,0.00817,1.4014,9.94092,0.01192,0.000137228,0.000137228,0.000137228
3,35.3963,1.40814,6.6563,0.00746,0.00128,0.3125,0.00542,0.00241,1.42411,9.79817,0.01334,0.000211288,0.000211288,0.000211288
4,45.4783,1.57967,6.72767,0.00714,0.00179,0.4375,0.0398,0.01007,1.40631,9.76026,0.01433,0.00028218,0.00028218,0.00028218
5,55.4513,1.37164,6.98829,0.00869,0.00179,0.4375,0.06332,0.02766,1.2069,9.46638,0.01277,0.000349904,0.000349904,0.000349904
6,65.5484,1.45605,5.84921,0.00681,0.00179,0.4375,0.12082,0.0666,1.19067,9.42417,0.01087,0.00041446,0.00041446,0.00041446
7,75.6087,1.37519,5.88029,0.00627,0.00256,0.625,0.14312,0.06628,1.28696,9.46516,0.01297,0.000475848,0.000475848,0.000475848
8,85.5066,1.44773,5.60631,0.00619,0.00179,0.4375,0.11465,0.05941,1.31025,9.41049,0.01254,0.000534068,0.000534068,0.000534068
9,95.8414,1.45157,5.96243,0.00631,0.00231,0.5625,0.14464,0.06116,1.31071,9.3156,0.01217,0.00058912,0.00058912,0.00058912
10,105.851,1.45203,5.83934,0.00747,0.00179,0.4375,0.09276,0.0401,1.17921,9.02935,0.01057,0.000641004,0.000641004,0.000641004
11,115.767,1.36298,5.31954,0.00736,0.00179,0.4375,0.10124,0.05548,1.19724,8.97883,0.01,0.00068972,0.00068972,0.00068972
12,125.66,1.47451,4.62688,0.00631,0.00179,0.4375,0.08467,0.02598,1.08558,8.85764,0.00938,0.000735268,0.000735268,0.000735268
13,135.65,1.60747,5.1387,0.00702,0.00205,0.5,0.0713,0.03585,1.08253,8.73086,0.00925,0.000777648,0.000777648,0.000777648
14,145.975,1.46443,4.95805,0.00801,0.00179,0.4375,0.09187,0.04655,0.95959,8.59139,0.00902,0.00081686,0.00081686,0.00081686
15,155.065,1.48125,4.92976,0.00789,0.00231,0.5625,0.10271,0.04966,1.06447,8.38698,0.00884,0.000852904,0.000852904,0.000852904
16,164.291,1.45681,4.20988,0.00658,0.00308,0.75,0.12032,0.06564,1.15616,8.2105,0.00951,0.00088578,0.00088578,0.00088578
17,172.222,1.47563,4.93709,0.00795,0.04846,0.75,0.17179,0.08782,1.25172,8.13545,0.0095,0.000915488,0.000915488,0.000915488
18,182.054,1.59062,4.03522,0.00662,0.21076,0.0625,0.23961,0.13828,1.36074,7.78459,0.01084,0.000942028,0.000942028,0.000942028
19,191.125,1.46722,4.54205,0.00837,0.72038,0.125,0.36975,0.21112,1.32046,7.69793,0.00971,0.0009654,0.0009654,0.0009654
20,199.263,1.46444,4.10065,0.00785,1,0.18535,0.51315,0.28405,1.36358,7.56707,0.01064,0.000985604,0.000985604,0.000985604
21,208.426,1.54499,3.59672,0.00753,0.84124,0.33325,0.73173,0.35814,1.54313,7.31309,0.0129,0.00100264,0.00100264,0.00100264
22,217.142,1.32753,4.05673,0.00704,1,0.37197,0.73749,0.36337,1.48688,7.23102,0.01075,0.00101651,0.00101651,0.00101651
23,225.532,1.42727,3.55184,0.00678,0.9737,0.5625,0.77031,0.38711,1.51463,6.89645,0.01169,0.00102721,0.00102721,0.00102721
24,235.52,1.38242,3.61001,0.00784,0.9118,0.5625,0.76561,0.42377,1.55089,6.51838,0.01356,0.00103474,0.00103474,0.00103474
25,245.436,1.47499,3.30428,0.00712,0.8148,0.5625,0.74019,0.40312,1.59771,6.27133,0.0149,0.0010391,0.0010391,0.0010391
26,255.183,1.56432,3.44855,0.00664,0.78359,0.67944,0.69532,0.37986,1.6888,6.15364,0.01611,0.00101,0.00101,0.00101
27,265.068,1.3402,3.19685,0.00667,0.74694,0.73853,0.71147,0.35176,1.73457,6.06796,0.01575,0.0009704,0.0009704,0.0009704
28,274.913,1.31965,3.49761,0.00695,0.78828,0.69872,0.73931,0.33969,1.78811,6.01351,0.01575,0.0009308,0.0009308,0.0009308
29,284.648,1.53237,3.66793,0.00868,0.72609,0.66372,0.77414,0.36109,1.72549,5.74585,0.01539,0.0008912,0.0008912,0.0008912
30,294.423,1.45487,3.22861,0.00702,0.74676,0.73784,0.77866,0.41038,1.62488,5.44637,0.01575,0.0008516,0.0008516,0.0008516
31,304.69,1.37199,3.22459,0.00748,0.73253,0.75,0.77815,0.40199,1.57501,5.27663,0.01564,0.000812,0.000812,0.000812
32,314.903,1.39128,2.98625,0.00652,0.7859,0.68832,0.78904,0.42141,1.40912,5.18975,0.01099,0.0007724,0.0007724,0.0007724
33,324.929,1.47479,3.23416,0.00756,0.79645,0.6875,0.78734,0.44303,1.46322,5.05476,0.01149,0.0007328,0.0007328,0.0007328
34,335.515,1.2872,2.77258,0.00577,0.8166,0.6875,0.76737,0.42045,1.45774,5.02,0.01181,0.0006932,0.0006932,0.0006932
35,345.517,1.31239,2.8038,0.00648,0.78096,0.66948,0.76617,0.39985,1.49861,4.98309,0.0123,0.0006536,0.0006536,0.0006536
36,355.565,1.35603,3.05652,0.00744,0.85024,0.71075,0.79239,0.39724,1.4987,4.90609,0.01195,0.000614,0.000614,0.000614
37,365.565,1.32267,3.1488,0.00778,1,0.61594,0.79995,0.41882,1.48321,4.77918,0.01199,0.0005744,0.0005744,0.0005744
38,375.401,1.33878,2.90856,0.00678,0.8409,0.6875,0.79324,0.40214,1.43953,4.7145,0.01185,0.0005348,0.0005348,0.0005348
39,385.398,1.31728,2.69483,0.00668,0.78234,0.75,0.78643,0.4165,1.39155,4.656,0.01133,0.0004952,0.0004952,0.0004952
40,394.965,1.36507,2.80015,0.00756,0.70703,0.6875,0.7541,0.3914,1.38193,4.62914,0.01101,0.0004556,0.0004556,0.0004556
41,424.634,1.3636,4.41873,0.00949,0.6803,0.6875,0.7549,0.39289,1.38563,4.5955,0.01087,0.000416,0.000416,0.000416
42,434.247,1.47239,4.30071,0.00894,0.68086,0.5625,0.73181,0.39285,1.478,4.49527,0.01429,0.0003764,0.0003764,0.0003764
43,443.952,1.34336,4.24937,0.00724,0.67913,0.5625,0.74256,0.40052,1.48434,4.46905,0.0141,0.0003368,0.0003368,0.0003368
44,453.753,1.39893,4.24656,0.00905,0.66098,0.5625,0.73045,0.40358,1.50347,4.46307,0.01395,0.0002972,0.0002972,0.0002972
45,463.03,1.23442,4.00776,0.00751,0.66063,0.625,0.73306,0.39494,1.52434,4.46695,0.01371,0.0002576,0.0002576,0.0002576
46,472.441,1.25104,3.93299,0.0074,0.67349,0.625,0.74245,0.40248,1.57897,4.40707,0.01442,0.000218,0.000218,0.000218
47,481.962,1.30859,3.95245,0.00825,0.76708,0.6875,0.76846,0.42108,1.57022,4.3605,0.01407,0.0001784,0.0001784,0.0001784
48,491.805,1.19788,3.82511,0.0068,0.76448,0.6875,0.79023,0.44464,1.61248,4.26405,0.0143,0.0001388,0.0001388,0.0001388
49,501.325,1.23701,4.03259,0.00702,0.84979,0.6875,0.78744,0.45095,1.59778,4.21499,0.01408,9.92e-05,9.92e-05,9.92e-05
50,510.873,1.15413,3.77673,0.00693,0.88052,0.6875,0.78627,0.45207,1.5864,4.18319,0.01399,5.96e-05,5.96e-05,5.96e-05
